TIME,RNET,G0,Gstor,H,LE,H_spec_corr,LE_spec_corr,HA_T,HA_Q,VA_T,VFD_T
2022-05-18 00:00,-81.9598105310997,-21.5278288930642,-5.20132329772084,-33.4699427713497,10.9337849744485,-33.4699427713497,10.9337849744485,NaN,NaN,-38.5652484355904,28.2086109800791
2022-05-18 00:30,-80.2658931757949,-22.7691778937082,-5.20132329772078,-59.487193363911,14.4461037237577,-59.487193363911,14.4461037237577,-43.1019797315893,16.4383766194133,-67.6573046577173,-6.19513805708372
2022-05-18 01:00,-81.1406938432862,-22.7569642306581,-5.01960534188035,-56.9767810301607,12.7013963989066,-56.9767810301607,12.7013963989066,-30.2148398676675,12.6119664171343,-64.6754063091147,-4.16662773884357
2022-05-18 01:30,-80.5495705815204,-22.4566147330609,-4.5176448076923,-65.646341509614,16.2666996358204,-65.646341509614,16.2666996358204,-34.8702934777031,13.7975159310572,-45.2540692850553,-13.8462504343755
2022-05-18 02:00,-81.708882505538,-22.1395595698104,-4.0082531623932,-63.4691158599069,18.8762279392803,-63.4691158599069,18.8762279392803,-30.8843830823108,15.006112453665,-67.7840135370354,-0.545564159682008
2022-05-18 02:30,-80.1680542757924,-22.0142818365995,-3.50722151709397,-49.3532781034368,14.233156049786,-49.3532781034368,14.233156049786,-21.3214607461057,10.3242006528625,-47.0091737248654,6.56867572487239
2022-05-18 03:00,-75.0948201003866,-23.1651613356436,-3.89691279677115,-45.5623746846039,15.8711001688612,-45.5623746846039,15.8711001688612,NaN,NaN,-26.8879464568904,-2.66596489092465
2022-05-18 03:30,-70.6498170944092,-24.6225238817667,-4.67629535612538,-23.5076342786052,4.28547517331949,-23.5076342786052,4.28547517331949,-15.709196418084,3.97245949751848,-25.3245418079204,9.79625057188345
2022-05-18 04:00,-64.871731030574,-26.3710902279979,-5.27395995963912,-17.8941726464794,1.81002720489233,-17.8941726464794,1.81002720489233,-14.5849909393891,3.16849372819137,-40.0285427341857,-5.6583476579683
2022-05-18 04:30,-61.7747928834247,-26.5722739200608,-4.88535238366571,-22.3150086123512,0.134578701736875,-22.3150086123512,0.134578701736875,-20.0762012236029,3.01663782122585,-23.8748459041022,-3.56136325225485
2022-05-18 05:00,-38.4448030540912,-24.9461779060136,-3.49421707264953,-22.8131352110581,1.65018583387387,-22.8131352110581,1.65018583387387,-17.4812469692541,3.57567265590868,-23.5292170032398,6.65532326732702
2022-05-18 05:30,19.0302014234409,-21.6725699263627,-1.4975216025641,0.531970811207155,17.9524801567485,0.531970811207155,17.9524801567485,-9.05785254873157,3.59750580288205,-0.0964233236323892,0.0563924720936164
2022-05-18 06:00,84.9947317399607,-16.3411104797277,1.60844912867992,-16.4213308352367,58.3811253348917,-16.4213308352367,58.3811253348917,NaN,NaN,-11.5651421096789,-27.2530645935874
2022-05-18 06:30,155.705836736658,-8.8228720263872,4.60777554368472,-8.39621822128624,120.816940265416,-8.39621822128624,120.816940265416,NaN,NaN,-10.6746260583644,-33.4971830926435
2022-05-18 07:00,243.438558024831,-4.03623490327113,6.60632879154798,21.9549347484589,158.626734568658,21.9549347484589,158.626734568658,-2.0024106393977,15.3102416455894,19.0145651877453,-30.1758554357925
2022-05-18 07:30,316.886986413782,4.2992147680098,10.2338183285849,41.3788754470279,171.248053337954,41.3788754470279,171.248053337954,-3.40313462292433,16.4058005503608,36.5631256073081,-19.4480385400874
2022-05-18 08:00,390.477800982152,11.1058029699131,10.8200381813866,71.8366459176325,255.178172331339,71.8366459176325,255.178172331339,-5.81458225223319,36.4950065406538,62.2398070077244,-36.2133431554484
2022-05-18 08:30,458.326485185989,20.2035201921281,15.5064080460588,57.9831553560399,227.693309201699,57.9831553560399,227.693309201699,0.141535894125143,12.6182738047632,43.7609874587967,-55.0697097313924
2022-05-18 09:00,521.132281118497,32.8845007515297,22.3977162749289,82.6132725838333,320.544591766453,82.6132725838333,320.544591766453,-8.43512278606789,0.300196823184722,86.8746645838623,-52.2484376236629
2022-05-18 09:30,562.050249277368,46.4281561357728,22.9871471794871,74.5769481444689,291.295303918171,74.5769481444689,291.295303918171,-10.1760820037539,8.68455533223855,91.2233180810264,-56.8194786296661
2022-05-18 10:00,601.468995850422,60.1704033409365,20.5644937037037,98.0150618229096,342.387489857797,81.3159805756766,349.495276237269,-20.8227054456845,25.0833687197451,106.109812591628,-31.8326590771806
2022-05-18 10:30,635.410200133882,70.2935377137035,19.9025008333332,105.137592077223,411.142306647738,87.2250268083453,419.677407297675,-0.151869341696865,50.8117320049131,94.2622754471054,-41.4478187775894
2022-05-18 11:00,644.076543340854,86.3076557718631,19.9568408333334,71.4463413254406,350.228987390466,59.2738421562139,357.49955918415,-3.80765744833998,1.68887917190312,74.1101972301014,-62.8078175954978
2022-05-18 11:30,650.288440753221,99.6073593917804,18.9108216809117,93.9802979691049,436.503075727493,77.9686299434217,445.564652765667,-10.9563495925398,24.5850735462274,92.474292123672,-58.3451352522788
2022-05-18 12:00,640.713126620855,101.68914834697,19.6120974548909,70.4547384394138,428.06931985951,58.4511812353381,436.955816508178,-8.02752169631799,-3.50375668404112,61.6380871079807,-63.2218759052194
2022-05-18 12:30,634.344655177287,110.989145576667,19.7618318945868,64.6406882043421,437.259720139798,53.6276858746424,446.337004722807,-3.26510313833788,17.5618741520191,52.3179190870194,-56.118754489684
2022-05-18 13:00,614.5808688457,122.534706595144,15.9495165598291,61.684080365209,367.369117899445,51.1748030100555,374.995509896211,33.668942347106,26.2788177425507,68.0737217526823,-56.4853415995107
2022-05-18 13:30,592.052157371865,107.670319864521,10.9760113960114,58.5853060938984,419.696619923675,48.6039749784458,428.409303672263,64.9981087292787,46.1537731725283,74.4693608773067,-63.6213884706125
2022-05-18 14:00,554.610553222452,106.119191869805,3.94806483618234,42.9876433400514,411.967191316099,35.6637266336621,420.519416143127,38.9865145433934,50.1605237903727,46.4163868874768,-51.6190307176674
2022-05-18 14:30,506.483575319356,93.0296615118647,0.114436661918286,20.9891770625471,347.859969983085,17.4131963248794,355.08136220637,21.0898085154747,49.9952345309836,11.9332719045715,-44.8370268732173
2022-05-18 15:00,452.193286601194,79.0946416943769,-5.26408644824315,1.05231875631853,346.271480011479,0.873032470283226,353.459896008358,48.2309424972849,56.5327282994224,-18.9152770947668,-34.685521522855
2022-05-18 15:30,380.936926378909,63.5858626737451,-10.613814002849,-27.3805158841967,350.340470268497,-22.7156261127913,357.613356388801,36.6836345934928,62.9704440034397,-70.3154329662839,-48.7367478072948
2022-05-18 16:00,304.785549442594,46.7331273612897,-13.5811168423552,-42.133292909082,290.305543217201,-34.9549341097636,296.33213544702,37.8269214948496,49.7279743934766,-90.8913884451517,-31.1276503790399
2022-05-18 16:30,224.953780555975,29.8829527264737,-15.0944811609686,-59.7452084016617,220.683112738384,-49.5662617104399,225.264379488384,29.9142011196309,27.7736689256961,-121.959353936136,-22.2713371379239
2022-05-18 17:00,147.029797653985,19.4441925665344,-11.0971967592593,-85.7988556843267,232.741617212535,-71.1810812796045,237.573212249628,23.1406176180018,31.5290617557541,-152.037604287838,-29.3551345879745
2022-05-18 17:30,67.5682148775992,10.6996829770345,-11.2008479890789,-73.7147442939618,134.893220646161,-61.1557714056118,137.693533814117,28.5121929231328,30.0027765988969,-147.188722091965,-7.03453371133919
2022-05-18 18:00,-15.321911861388,2.66879937041332,-12.0427641880341,-65.582760969927,70.2556221206876,-54.4092552506388,71.7140923299763,0.217061322479438,23.0095867475344,-92.3766497205194,1.28856086503757
2022-05-18 18:30,-52.113053808279,-2.75239431765532,-11.9074791310542,-66.3982763925652,52.0847566996938,-55.0858291876754,53.1660091847129,-13.3764993279263,20.4787906929355,-91.0845075239145,10.2396540943764
2022-05-18 19:00,-74.5029917136152,-7.22495021530309,-11.5462106267806,-71.545521520782,37.8548813562526,-71.545521520782,37.8548813562526,-7.34595344548989,22.0146023936489,-99.0384622853929,5.71037808047618
2022-05-18 19:30,-77.8946287681463,-9.99455116065787,-10.3387427136752,-72.3359540884676,34.5654495162644,-72.3359540884676,34.5654495162644,-11.1825493740615,24.6155475287481,-104.108727479676,-2.19450548500085
2022-05-18 20:00,-73.2882847698632,-11.1796141409572,-8.74086105175693,-57.3150473316792,22.6655495378171,-57.3150473316792,22.6655495378171,NaN,NaN,-62.4417133784759,8.81300240700238
2022-05-18 20:30,-70.4477053080253,-11.7204825558538,-7.7257933167141,-60.0566968013408,20.2469381792986,-60.0566968013408,20.2469381792986,-2.28204103261733,19.7053168637144,-64.692368541991,-6.87565435263745
2022-05-18 21:00,-65.47141993894,-12.4968397914659,-6.91725396723647,-45.7600080855643,13.1180153043824,-45.7600080855643,13.1180153043824,NaN,NaN,-30.9606939540292,-14.633749667006
2022-05-18 21:30,-64.0599432318749,-13.2559473119191,-6.97349180436848,-45.3884804182911,15.6908771041626,-45.3884804182911,15.6908771041626,NaN,NaN,-48.8504393613926,13.0141101159464
2022-05-18 22:00,-65.290578611733,-12.568616822484,-5.49613618708442,-42.0666215446336,15.5279924181651,-42.0666215446336,15.5279924181651,NaN,NaN,-42.9995905972179,26.7214382888789
2022-05-18 22:30,-52.7444260438978,-15.1200672174166,-6.05696641025652,-28.4669953791474,6.94451109713205,-28.4669953791474,6.94451109713205,NaN,NaN,-9.15175808356724,-13.0936799797301
2022-05-18 23:00,-50.5329927622432,-17.0779295464461,-6.66159768043681,-11.4785622175731,0.773467564523134,-11.4785622175731,0.773467564523134,NaN,NaN,3.86171766637891,-8.61552424974515
2022-05-18 23:30,-48.7494161039589,-19.7786111426199,-7.60623622032294,-14.7405791670512,4.24695677854137,-14.7405791670512,4.24695677854137,NaN,NaN,1.96187254917423,1.32742513895296
2022-05-19 00:00,-50.774934973971,-20.4823779772281,-6.53152472222217,-11.3476869832149,0.221257222775102,-11.3476869832149,0.221257222775102,NaN,NaN,1.50476404391334,4.17939485343438
2022-05-19 00:30,-61.1344325389191,-19.1711245386006,-4.85677479344734,-34.1719698396633,6.02353135157532,-34.1719698396633,6.02353135157532,NaN,NaN,-26.5580090839327,3.50915544590178
2022-05-19 01:00,-64.771039870654,-17.8182293232262,-3.28454078584987,-39.8462216373368,6.23379437110877,-39.8462216373368,6.23379437110877,NaN,NaN,-32.3482264095611,-9.53980153505621
2022-05-19 01:30,-62.7587737377228,-17.3432042282745,-3.11753023741698,-28.0815158480449,3.73108378584803,-28.0815158480449,3.73108378584803,NaN,NaN,-16.3630527259005,4.56550743103767
2022-05-19 02:00,-59.5157685919362,-18.2271103606149,-3.84124261396012,-17.1186040909384,0.554635433696059,-17.1186040909384,0.554635433696059,NaN,NaN,-21.5055430532751,8.73761472719704
2022-05-19 02:30,-55.6069194249834,-19.1791286370659,-4.45361462488128,-13.6634090294448,-0.0749414556267377,-13.6634090294448,-0.0749414556267377,NaN,NaN,5.2925549123241,-4.18276986153039
2022-05-19 03:00,-50.043954446291,-20.5964938990337,-5.06129058641971,-8.62787488602652,-1.31814998933679,-8.62787488602652,-1.31814998933679,NaN,NaN,4.51340783687529,-13.2237233298606
2022-05-19 03:30,-52.28271339109,-21.6927266070708,-4.77432164767335,-18.3192438000547,-0.204337675040994,-18.3192438000547,-0.204337675040994,NaN,NaN,-14.0697946746938,-6.50033870738492
2022-05-19 04:00,-58.6229722615176,-20.406376879545,-3.44195281576449,-35.1911662903492,8.7704761768215,-35.1911662903492,8.7704761768215,NaN,NaN,-43.617579356613,9.61898750533753
2022-05-19 04:30,-53.2829014555015,-19.6163044621932,-2.66226062678063,-23.8874075788191,2.68967938969424,-23.8874075788191,2.68967938969424,NaN,NaN,-16.869852534694,-2.38786722600018
2022-05-19 05:00,-42.4084011532475,-18.2238049104928,-2.21855052231718,-35.7458192244438,15.2489704624842,-35.7458192244438,15.2489704624842,NaN,NaN,-42.2327367878847,6.71086595132066
2022-05-19 05:30,8.07961518478413,-15.1183221945421,-0.610101393637204,-37.2528668167487,53.6550246357548,-37.2528668167487,53.6550246357548,NaN,NaN,-41.122945168227,0.210452323096595
2022-05-19 06:00,84.1379739985907,-10.8686804879408,1.05381149810065,-55.3179030829639,103.64685222672,-55.3179030829639,103.64685222672,NaN,NaN,-66.9972855881277,-6.16944221386538
2022-05-19 06:30,161.050688778156,-6.49291310590173,3.38328954653371,-19.4392580738926,157.774409390481,-19.4392580738926,157.774409390481,-17.7919114380176,30.2937463579659,-16.414611493255,-12.8402816622155
2022-05-19 07:00,210.663420218112,-0.715073099893937,5.76823135802471,-21.6802365803085,167.72743500627,-21.6802365803085,167.72743500627,-7.55469060570894,24.9492774972739,-16.1382543610447,-37.4175510871375
2022-05-19 07:30,296.882161151227,4.34335214892274,8.73211672602089,-11.9466115055543,195.775963921831,-11.9466115055543,195.775963921831,-3.94440200224318,27.8934314959318,-14.1323044423297,-39.1298952858997
2022-05-19 08:00,403.749861702952,12.7002435068629,11.8577489387465,14.4748316888322,253.950068969048,14.4748316888322,253.950068969048,-17.5724911234157,23.3452883053356,5.66342200209253,-44.80112125967
2022-05-19 08:30,433.32356294901,17.9171188556574,13.7329494159544,19.3978416903063,299.562226175046,19.3978416903063,299.562226175046,-0.77087373044868,26.0427384186133,9.83164331634032,-51.2216468668613
2022-05-19 09:00,496.882015928809,28.6443885155196,13.8829934852802,42.2539295101228,329.691803315143,42.2539295101228,329.691803315143,8.1255380726844,24.6172666588257,32.4132734224255,-41.5716337887037
2022-05-19 09:30,551.512466558318,44.4655043526727,19.4787156576448,57.759274405513,443.155136369069,57.759274405513,443.155136369069,-12.7140769560244,21.6848148031564,53.333707777107,-77.3202809846682
2022-05-19 10:00,620.64864596187,55.4833981610362,20.2264358760684,70.8854923501232,405.619557248696,58.8085464808901,414.040008490817,13.1773731951021,27.3209729584346,57.0420995754351,-53.8905300426668
2022-05-19 10:30,649.268675842251,80.1076902567557,21.7310389007597,89.3745633588224,385.712259131329,74.147586328889,393.719445208681,22.6050234024373,17.3006365893815,77.6390676894686,-62.0831223623354
2022-05-19 11:00,664.916492424387,99.9449562770444,15.9754908119658,89.6816295936004,410.585944167829,74.4023368898566,419.109495021777,39.6402172474799,34.90358268174,103.790848636977,-74.3039736293129
2022-05-19 11:30,616.103133110296,102.672427230794,11.4538608784425,58.5406636775978,428.82584560444,48.5669384068287,437.72804733447,19.1031940837926,21.3282680668993,47.2350969851272,-69.228012579954
2022-05-19 12:00,557.982377010208,105.064004698044,11.8262760493828,34.0284615948416,391.440537576431,28.2309440059909,399.566639737799,20.1293666087505,44.8212302224311,30.8768706387461,-73.9766184772878
2022-05-19 12:30,512.537992273278,103.727470227862,10.177420254036,20.7379794330852,328.959135610513,17.2047958894965,335.788156333397,24.4350377830481,30.2271695173477,15.83701560032,-53.7631072127482
2022-05-19 13:00,632.457493175388,105.363382701559,19.1434506196581,64.3536391116672,431.83957424321,53.3895420831669,440.8043394138,18.0976673095559,29.3787215533318,65.4348649479813,-55.3204820161728
2022-05-19 13:30,602.112410160083,107.937935403093,16.1895650641026,69.5447201006744,492.921606505001,57.6962050900376,503.154402926152,30.1567917431603,27.6310651742845,62.9816048614072,-43.4248783803041
2022-05-19 14:00,565.092428660573,106.420212168023,8.41485026590692,51.1745195654949,386.720669063549,42.455783443527,394.748789207109,51.9687469644684,41.5362944601026,44.8970646963981,-61.8337845818525
2022-05-19 14:30,512.036723379647,89.400144487155,-2.10371256647676,21.0234683265074,321.826341415651,17.4416452969277,328.507289037363,42.3095726326778,38.1589466853508,12.0550230121488,-74.1323507148496
2022-05-19 15:00,449.129979321707,69.5939109328323,-11.8155422222221,9.11257968008941,331.203709625496,7.56004575704158,338.079326538615,45.7289415426412,46.5083957894718,-7.90333864532383,-69.5065274242855
2022-05-19 15:30,372.639556614947,54.2117019273301,-13.519706965812,2.46735005794898,334.699815418579,2.04698120527715,341.648009671331,NaN,NaN,-16.4016909147225,-62.7579916446521
2022-05-19 16:00,293.844974947998,36.450753000508,-13.1669016714149,-23.9955212688899,275.43795502009,-19.9073418423149,281.155903844373,NaN,NaN,-53.797491629152,-60.804083728029
2022-05-19 16:30,223.922818229291,19.0756202725729,-12.6897515669516,-32.0559714460234,253.163874558002,-26.5945121388478,258.419425045858,22.5648389038852,41.1752551558779,-62.1941345127866,-46.5087884242575
2022-05-19 17:00,144.774407408231,10.4386795687701,-10.074634762583,-49.3200794484364,203.532498835104,-40.9172891169108,207.757727752203,NaN,NaN,-79.9469695522685,-29.1719686045597
2022-05-19 17:30,72.6848057429489,2.08966433744713,-13.3895192521367,-83.8282411111245,164.498437353709,-69.546205441377,167.913339437172,NaN,NaN,-122.510701588491,-42.1493122352061
2022-05-19 18:00,6.03926232621484,-3.76340834971541,-12.2935981244065,-67.6188161240417,110.280852299572,-56.098422387646,112.570225489629,NaN,NaN,-77.5541402222738,13.450960644245
2022-05-19 18:30,-54.8259307726813,-9.55148622323264,-11.8316198717949,-77.2288632467585,69.777859358114,-64.0711807640483,71.2264114607048,NaN,NaN,-70.7812300024147,-17.0822681064542
2022-05-19 19:00,-82.4404079240754,-14.4217055293101,-12.4847998433048,-84.721342150414,43.8575527093467,-84.721342150414,43.8575527093467,NaN,NaN,-105.310147414829,0.607899597147642
2022-05-19 19:30,-88.3783453524777,-17.2368990049308,-11.3287705080722,-74.3143785599358,31.9541954839754,-74.3143785599358,31.9541954839754,NaN,NaN,-104.93634206483,17.1357549247426
2022-05-19 20:00,-90.4208500569643,-18.8454657474144,-9.74048736467234,-81.8028861446908,35.7315360184535,-81.8028861446908,35.7315360184535,NaN,NaN,-90.6533913751217,3.74380818714003
2022-05-19 20:30,-92.8268979147605,-19.7543727096396,-8.61294395536566,-76.4268563269151,30.7274236575784,-76.4268563269151,30.7274236575784,NaN,NaN,-96.9314794651025,4.92113727340165
2022-05-19 21:00,-91.4685449855257,-20.6998966793805,-7.48054968186139,-69.1519478352601,28.2128543551672,-69.1519478352601,28.2128543551672,-11.8951970320448,12.8021672759737,-65.3440088774403,4.72136082076505
2022-05-19 21:30,-91.0459120662634,-21.2596909926551,-7.24383240740729,-75.8269246534338,41.2653231544901,-75.8269246534338,41.2653231544901,-15.1501776477172,10.3410916653827,-68.921325111175,6.57343339306856
2022-05-19 22:00,-89.9680464677232,-22.0867141833043,-6.79176230294408,-65.2894335902188,24.4721657480468,-65.2894335902188,24.4721657480468,-19.6829663383028,7.86489857048538,-64.086841771208,5.43138605103441
2022-05-19 22:30,-90.429615313035,-22.6902362239954,-6.50737361111112,-71.8545318864682,36.8136211091984,-71.8545318864682,36.8136211091984,-17.1800987409176,11.4185005849512,-65.0310288190614,-5.85533054245542
2022-05-19 23:00,-89.4806184932565,-23.3346892457819,-6.05117511158589,-58.7379927499853,18.5897237977637,-58.7379927499853,18.5897237977637,-26.076202159092,13.5816875629106,-46.8879633007042,26.169582809397
2022-05-19 23:30,-84.8794652776657,-25.1727483419755,-6.27323658357072,-50.8219414799612,15.581472053628,-50.8219414799612,15.581472053628,-32.1755437319766,15.7234109093724,-32.3458235563578,-7.62299418481855
2022-05-21 00:00,-72.0062765477102,-25.9561997513569,-5.92877974358968,-26.3154466640683,6.94173116894712,-26.3154466640683,6.94173116894712,-57.9972870862589,9.19792530226257,-24.2817581930661,-10.532340087809
2022-05-21 00:30,-62.8503686761007,-28.1958948188843,-6.6299407621083,-10.0422196401285,0.0885032562811883,-10.0422196401285,0.0885032562811883,-11.9303353725456,1.40565867914088,1.13503440798416,-1.09690474439171
2022-05-21 01:00,-60.6021547979018,-30.7929998718433,-7.71852244301998,-9.44462812650677,-0.437290031482694,-9.44462812650677,-0.437290031482694,-12.4004009040337,1.24916691367786,5.53553076867597,7.4068419444995
2022-05-21 01:30,-66.1041759204812,-31.3928075966234,-6.45338330009493,-29.3697113624044,5.18940443004182,-29.3697113624044,5.18940443004182,-16.5772870326973,3.03962296734095,-22.7168644597571,15.7497180208883
2022-05-21 02:00,-72.5254301017166,-28.4606311332422,-3.38756121082622,-27.1547631946319,4.16527906849101,-27.1547631946319,4.16527906849101,-18.2255875467023,3.02372314721427,-14.4594125409417,14.7084350651908
2022-05-21 02:30,-60.3465317149823,-29.5044702299682,-4.2577453703704,-8.08880093842267,-2.30885801814538,-8.08880093842267,-2.30885801814538,-10.9304632464433,0.851883661731476,1.08391236023475,-1.93020617621908
2022-05-21 03:00,-54.0747768910364,-32.1837203113082,-6.10790590693254,-8.14600346368973,-0.974853032276655,-8.14600346368973,-0.974853032276655,-15.4172215753682,0.557077144548055,3.99452431822082,-10.7547302926293
2022-05-21 03:30,-57.040189509643,-33.0650452443051,-6.26557596153845,-6.13936171779129,-2.158210269554,-6.13936171779129,-2.158210269554,-14.719197419688,1.24972858611692,6.04040481052297,-3.99024319523004
2022-05-21 04:00,-56.0337847282384,-33.1169332257263,-4.78998645773979,-1.21786790825237,-1.99628602246782,-1.21786790825237,-1.99628602246782,-60.5813322643951,1.25140569070321,13.6014583548334,15.5212237711779
2022-05-21 04:30,-56.5666841144545,-31.741675116119,-3.69784403608743,-9.24238075868777,-0.362057578603625,-9.24238075868777,-0.362057578603625,-17.4677526458219,1.28102101826773,9.48494018319188,-7.65068684977469
2022-05-21 05:00,-24.2478779889744,-31.3343202072264,-3.48032379867046,-2.32096582592081,4.37228010498071,-2.32096582592081,4.37228010498071,-13.3720765846337,0.510588433272838,3.71917772134519,-11.9751877027886
2022-05-21 05:30,25.1067759029519,-27.5576554363509,-1.30388290598288,4.63549344179951,16.2917383806786,4.63549344179951,16.2917383806786,-15.3560204672682,0.940650690996102,-0.142977910098038,-24.3114801584236
2022-05-21 06:00,83.4291745157443,-20.0231287297015,2.8794080840456,10.2850422229963,39.5317675029483,10.2850422229963,39.5317675029483,NaN,NaN,-3.70532448942488,2.46413946309903
2022-05-21 06:30,160.552655948213,-12.1138457677513,6.96064759734092,-13.7429948816677,109.416898504716,-13.7429948816677,109.416898504716,NaN,NaN,-26.7756450043519,-18.0186542946352
2022-05-21 07:00,240.510026641888,-5.30725735645744,8.06352384615383,12.9111450847257,169.05799576609,12.9111450847257,169.05799576609,NaN,NaN,8.73731552975562,-13.0968073357254
2022-05-21 07:30,316.810290213915,1.16214963091766,10.3616260921178,31.6689301092956,193.644982518718,31.6689301092956,193.644982518718,NaN,NaN,31.7182352092148,-23.1740714833494
2022-05-21 08:00,389.917463666597,6.33402341526807,13.5083531790124,42.5998842314301,246.324365719242,42.5998842314301,246.324365719242,NaN,NaN,34.8592288393905,-30.8672273657259
2022-05-21 08:30,458.902619168288,15.7782511152675,16.2339731244065,53.5586163679234,260.996053372148,53.5586163679234,260.996053372148,NaN,NaN,58.0483601512781,-40.238997732725
2022-05-21 09:00,518.172144122132,26.3596887142004,17.7263973836657,69.8800966976727,258.638910524214,69.8800966976727,258.638910524214,NaN,NaN,37.8399953820583,-40.3209708919154
2022-05-21 09:30,574.399134998496,40.6889882847402,23.2297582621084,68.3860247947846,316.838431935548,68.3860247947846,316.838431935548,NaN,NaN,21.1384889520197,-49.0751657253016
2022-05-21 10:00,616.983368072404,55.3807903556388,26.012504874169,105.133990135836,389.501195111792,87.222038539089,397.587037531308,NaN,NaN,57.9434785975876,-11.0368835034806
2022-05-21 10:30,645.617087635203,64.3760099233121,19.2996465218424,92.9669665753751,403.976693989318,77.1279424572664,412.363040243832,NaN,NaN,54.1311657856497,-34.0304997791923
2022-05-21 11:00,661.383992448425,87.7650449532664,19.3154491785374,86.2031458618284,368.885910724428,71.516491487069,376.543790552091,NaN,NaN,92.5356067539112,-56.0056365199285
2022-05-21 11:30,666.296818608918,96.6818632224574,21.7201672269706,94.6605201509455,444.992643702415,78.5329609013068,454.230459760434,NaN,NaN,71.7985377754765,-41.5225932896398
2022-05-21 12:00,660.766268311559,109.807537232404,16.2079934496676,80.2985245356581,444.417941744662,66.6178558678507,453.643827288663,19.0517799236886,10.5453235655529,45.7243499528577,-49.8803102557812
2022-05-21 12:30,642.364983244678,117.849230943981,15.8299648860398,87.3046112541307,513.767624004526,72.4302973530191,524.433172917046,NaN,NaN,57.1695246683767,-54.1625923319949
2022-05-21 13:00,627.394003957684,110.443933412652,16.2790419040836,64.5703527922456,469.209084490138,53.5693336898103,478.949621275663,NaN,NaN,48.5256672449803,-60.4109220153185
2022-05-21 13:30,601.480337621975,95.2271833368516,13.3477593114909,54.239338433766,429.243152847505,44.9984411425099,438.154017659061,2.7379563841625,6.12894955383384,23.314761743539,-45.5016337425414
2022-05-21 14:00,565.604446226122,80.5569607365328,1.74177319800573,32.1814432648792,458.378643841457,26.6986069972819,467.894346306785,NaN,NaN,15.4821759181904,-53.5575363646771
2022-05-21 14:30,430.015270762862,72.8435561296332,-6.84842452516618,-7.01293635322394,355.326572126376,-5.81812412981536,362.702967130391,NaN,NaN,-14.1681966447105,-63.7586778413222
2022-05-21 15:00,469.568540204904,67.0637145588297,-9.87061192782519,2.4078695948301,387.036059191399,1.99763458350645,395.070726670131,-2.05446241906639,9.64641174462871,-7.76408404791183,-40.4931092726365
2022-05-21 15:30,380.983177060082,56.5873557458739,-8.35637032526121,-25.831775912827,426.526187907508,-21.4307490022079,435.380649938688,NaN,NaN,-36.1635325355629,-49.9394535922108
2022-05-21 16:00,301.09463779079,33.7876365140093,-8.90899536324788,-24.5632678216502,251.279930178633,-20.378359936856,256.4963709601,13.9783072725191,11.5362055751364,-36.6132240777503,-32.4073050045055
2022-05-21 16:30,214.257948773432,20.9659610045323,-10.4682249264007,-47.6157223348884,240.298889027913,-39.5033077617831,245.287369101015,15.2439692294518,22.4662811998781,-69.9626434003112,-26.0954029472297
2022-05-21 17:00,143.801768094139,10.9290672837658,-12.2369759615385,-68.8282918083293,206.607192595168,-57.1018365509507,210.896250557066,NaN,NaN,-116.206803102544,-24.4588738873195
2022-05-21 17:30,70.9073584863701,2.67607710994972,-14.3470243898386,-72.2871278074087,144.732155125018,-59.9713816564138,147.736719460287,NaN,NaN,-121.357392284776,-3.42413679059787
2022-05-21 18:00,2.90369663287025,-2.8530991598332,-12.4259586680911,-81.8079065687193,107.232043063221,-67.8700805545365,109.458124557741,NaN,NaN,-124.504922011433,14.6089749508367
2022-05-21 18:30,-60.9651482482889,-7.66634072297748,-11.5901318518518,-81.5399000346281,61.3308835406682,-67.6477349913649,62.6040808144716,NaN,NaN,-96.6774874505405,10.4614778185306
2022-05-21 19:00,-92.8873330975147,-12.3322351701835,-11.5579303703704,-96.4969164807883,43.0295400133472,-96.4969164807883,43.0295400133472,NaN,NaN,-84.2505954508422,1.06950736184882
2022-05-21 19:30,-90.812968082399,-15.7665153812965,-11.4255351899335,-61.3060337584402,28.7199420516761,-61.3060337584402,28.7199420516761,NaN,NaN,-51.7646270075105,10.3846665969018
2022-05-21 20:00,-84.2310838670642,-18.7043625454776,-10.3524234449193,-52.4039284517312,21.3833828516727,-52.4039284517312,21.3833828516727,NaN,NaN,-40.7657727518765,14.6762372529548
2022-05-21 20:30,-89.2837171566775,-19.6652701711844,-9.28323367521371,-75.2387883335114,36.750821090268,-75.2387883335114,36.750821090268,NaN,NaN,-73.456013209245,7.60306049101826
2022-05-21 21:00,-87.601817817482,-19.413385259572,-7.45277467948711,-63.8729759292576,30.6286477804441,-63.8729759292576,30.6286477804441,NaN,NaN,-65.4035104852895,7.62902293120049
2022-05-21 21:30,-83.3745081980972,-19.6048424601495,-6.39189330484331,-55.3163242287768,21.9141218092315,-55.3163242287768,21.9141218092315,NaN,NaN,-60.2537630251452,16.6569562996512
2022-05-21 22:00,-77.5231277343521,-20.4325841554432,-6.1657034377968,-50.02674198359,18.002011778031,-50.02674198359,18.002011778031,NaN,NaN,-47.6955634133442,-3.99136880327772
2022-05-21 22:30,-71.4245258672241,-21.2214052374234,-6.26992232193731,-35.9077340241161,16.7067008987592,-35.9077340241161,16.7067008987592,NaN,NaN,-30.788450743258,-1.69596916940176
2022-05-21 23:00,-59.5556922212138,-22.9504967271994,-6.58753304843303,-16.2353170094441,6.26921961862862,-16.2353170094441,6.26921961862862,NaN,NaN,2.63904834315003,-13.2479395903846
2022-05-21 23:30,-62.5436799205941,-24.7307411476207,-7.2943190052232,-30.2220604017698,6.95601991858405,-30.2220604017698,6.95601991858405,NaN,NaN,-28.4926076160634,-3.61430868232159
2022-05-22 00:00,-60.3404740669853,-24.63625834596,-5.91205974358973,-15.8968647283621,1.53153052880992,-15.8968647283621,1.53153052880992,NaN,NaN,-16.771916783524,-6.07616147186893
2022-05-22 00:30,-64.2999465766011,-24.6944901605869,-5.14083076448242,-20.6829122392227,3.8730841650922,-20.6829122392227,3.8730841650922,NaN,NaN,-10.8162151606322,34.2205247468274
2022-05-22 01:00,-63.7440603126959,-23.7347340963387,-3.66075163105418,-19.8210606263908,-8.57052136611922,-19.8210606263908,-8.57052136611922,NaN,NaN,5.02703434490729,24.6579477685151
2022-05-22 01:30,-57.2365557907365,-24.9359567940261,-4.53496097578349,-7.56279112639044,-1.20740379761302,-7.56279112639044,-1.20740379761302,NaN,NaN,-3.32092918134275,-18.6800720465785
2022-05-22 02:00,-51.4421595044964,-25.8307876719919,-5.7806966619183,-6.2537897861451,0.40771563623654,-6.2537897861451,0.40771563623654,-0.936938316968028,0.563589934767562,0.693645868090244,-13.8451403581001
2022-05-22 02:30,-47.7787093800155,-27.2812684362199,-5.34441766856597,-8.18847624388344,2.08156308925868,-8.18847624388344,2.08156308925868,NaN,NaN,4.44879476562124,-4.3523624612159
2022-05-22 03:00,-46.9767906391903,-27.8098799239782,-4.84441812203235,-10.4867109375165,3.4882770973699,-10.4867109375165,3.4882770973699,NaN,NaN,5.04153139010764,-27.9359732939236
2022-05-22 03:30,-47.7022345272562,-27.8011598478,-4.51354492640077,-7.33913409612954,0.555091712708753,-7.33913409612954,0.555091712708753,NaN,NaN,4.09199812709456,3.58191544907037
2022-05-22 04:00,-53.7594992605523,-26.1633800557168,-3.47702108262105,-9.97470912706169,0.417213076842655,-9.97470912706169,0.417213076842655,NaN,NaN,3.68282158602688,-1.31486524657783
2022-05-22 04:30,-44.7705929932266,-26.7063426943488,-3.25970726495725,3.94598258322685,-0.144467600180977,3.94598258322685,-0.144467600180977,NaN,NaN,-0.774414948737475,22.8626222237418
2022-05-22 05:00,-16.0512412708006,-26.193082607856,-3.15105035612533,-4.35328113004458,7.99236045351494,-4.35328113004458,7.99236045351494,NaN,NaN,0.427627150849723,-9.60588752454304
2022-05-22 05:30,29.0412395088745,-22.1276765986307,-1.35692123694211,3.25594171142757,21.1246321205542,3.25594171142757,21.1246321205542,NaN,NaN,0.57769531485559,6.9400346612593
2022-05-22 06:00,90.4787210981422,-14.4908463482317,3.6943349002849,-15.6721883459615,58.7851603986501,-15.6721883459615,58.7851603986501,NaN,NaN,-7.45129385478689,-9.45581606100529
2022-05-22 06:30,157.247523633041,-8.11595189028609,6.03045844017096,-3.83830472015949,112.021481861447,-3.83830472015949,112.021481861447,NaN,NaN,-3.98800681914693,-1.94297608466084
2022-05-22 07:00,228.87034770005,-2.85973956278679,7.01502765669515,20.3878002526703,157.195864224303,20.3878002526703,157.195864224303,NaN,NaN,9.12296720675127,3.23107720618948
2022-05-22 07:30,316.036042164219,3.2579890754726,9.09870596153849,27.7330166039593,221.358006575391,27.7330166039593,221.358006575391,NaN,NaN,15.6376884744202,-27.6155256505747
2022-05-22 08:00,388.618418056926,10.1661283724116,10.1980214696106,41.0749370823008,282.192780080029,41.0749370823008,282.192780080029,NaN,NaN,22.3792822363535,-36.7272335299906
2022-05-22 08:30,460.397187440726,16.0118789306531,13.5630428679962,73.9630173852846,285.111696721216,73.9630173852846,285.111696721216,NaN,NaN,63.8546384498443,-27.294645450144
2022-05-22 09:00,523.618236279907,22.2012351092802,17.0405915455841,74.9279983705914,303.179622869988,74.9279983705914,303.179622869988,-0.160520802055058,7.02585789520048,62.4915963132902,-34.9705940802432
2022-05-22 09:30,581.058749033398,35.1601554839282,18.699768328585,84.5501818835284,333.249640429367,84.5501818835284,333.249640429367,2.91971826087643,6.44945621486471,92.3189774256036,-49.5380104308406
2022-05-22 10:00,618.261749091203,46.9191357880487,22.0270896082621,84.5759300643799,366.437561288077,70.1665086811935,374.044614653642,14.2134756096332,4.92135598158801,86.6731826790882,-46.3047169003995
2022-05-22 10:30,642.94591198345,59.2629464969919,14.8366282526117,90.7977911997005,492.211118396003,75.3283351374008,502.429165453192,-7.25406299593837,15.5883052655622,53.0854039035731,-35.3989412165484
2022-05-22 11:00,671.019421238476,88.9499099939168,18.5421329107312,86.779025135028,491.122048523742,71.9942567092962,501.317487056281,NaN,NaN,70.9578563083673,-64.6025952239033
2022-05-22 11:30,672.287023700599,100.225378214266,19.3732236182336,79.5763184888137,502.129330508467,66.0186939453398,512.55327449545,NaN,NaN,50.8565670132282,-55.0012715565786
2022-05-22 12:00,630.185529108188,105.254633518035,17.4012985185186,50.0281743108316,440.528246545009,41.504744014203,449.673384037812,-2.72765618498861,3.47365774412494,32.6101291571922,-55.1342867772966
2022-05-22 12:30,673.623653597846,102.440928440717,15.7838701305793,55.1537418892723,429.32051682678,45.7570553008178,438.232987674347,-1.29737026277906,-0.620342335562736,38.4651081807701,-53.939703889845
2022-05-22 13:00,634.860249204102,102.480159620188,14.5837932692308,46.7997773422615,470.183386597222,38.8263774417151,479.944149388227,3.53335550911794,6.12607851309745,30.0888240262035,-66.2163971718096
2022-05-22 13:30,604.642820275601,101.563052518608,9.7693745845204,31.9550562281993,460.988581867557,26.5107901093988,470.558465290141,10.274342408692,17.8895018576364,14.6097507555164,-51.4598072164741
2022-05-22 14:00,566.602521075056,100.868694827636,0.167474992877519,17.3518013115794,449.875936659782,14.3955297498531,459.215127342159,8.65673868369145,-1.51352458236689,1.75189401885268,-45.5303065884153
2022-05-22 14:30,514.685609853098,96.2035174050964,-3.23784986229823,2.33148674833405,466.606137604558,1.93426528141684,476.292638565271,1.46206977478557,23.6841641855256,-13.2298188768295,-54.2471801746721
2022-05-22 15:00,456.000729762548,74.1831669642899,-4.29852481718894,-22.231797100158,399.557340082219,-18.4441079517463,407.851942845988,18.1257560524295,27.8216437840897,-27.9261213070572,-53.0955828758608
2022-05-22 15:30,381.978814020597,50.372414613058,-5.30337477445394,-52.6188387038819,549.636137921142,-43.6540301702838,561.046298544721,16.7219530554643,21.0523306197005,-77.6535735325328,NaN
2022-05-22 16:00,307.77299889058,29.3780825413552,-11.4893188936372,-45.6185926150841,302.127258063727,-37.8464342315075,308.399262951009,49.0045663165279,31.1113272465734,-89.4489860191772,-42.0676137792038
2022-05-22 16:30,219.420486414445,19.1943262316705,-8.97120782763537,-60.4239954685438,273.57590077105,-50.129402057638,279.255194316675,43.6070392654628,55.3159802760625,-116.708211890546,-49.7659673476009
2022-05-22 17:00,146.243191552502,11.0385791490795,-13.4721842402659,-58.3148397905625,197.711888030555,-48.3795887233193,201.816284091833,15.3715551079761,35.207188915899,-96.1828842783288,-22.1060414368478
2022-05-22 17:30,77.6165845708711,3.68974000585732,-12.8915377207977,-70.2557581143998,131.3900444606,-58.2861017063059,134.117633511249,13.4121751096905,29.4111301318998,-112.917310396738,-10.5258311239435
2022-05-22 18:00,12.4950771910498,-1.69001385202349,-11.813781531339,-84.2760931342068,106.616680129061,-69.9177557493851,108.82998700882,5.90624808442856,26.886542743476,-109.73153015855,6.40959511881849
2022-05-22 18:30,-53.6690711501607,-6.30191276714419,-10.9716073076924,-89.2740081854522,68.3000185539395,-74.0641630021831,69.7178914493452,-11.816734987283,20.3407326452393,-95.2504146185924,0.693007748415919
2022-05-22 19:00,-77.671929530072,-9.94575253540163,-10.3427733214624,-64.3440061855014,26.4050876388296,-64.3440061855014,26.4050876388296,-12.7253237708919,18.2855798015999,-73.1327976223064,9.99219895860327
2022-05-22 19:30,-80.4250245988371,-12.6618831345043,-9.94632179487182,-64.9791113748287,26.5277612530698,-64.9791113748287,26.5277612530698,-33.9523937751293,15.8303045888287,-73.9940905269632,1.94668043462557
2022-05-22 20:00,-78.0047110176835,-14.399280233827,-8.9433296153846,-61.9946010495186,21.3656507977708,-61.9946010495186,21.3656507977708,NaN,NaN,-59.6349025609751,-3.67633874353173
2022-05-22 20:30,-81.2472843375409,-15.1727142312482,-7.70712929724594,-74.3716776515655,32.9434388461795,-74.3716776515655,32.9434388461795,-19.2650852352233,16.302325860837,-75.6448488431514,8.69068727878736
2022-05-22 21:00,-81.8236245219191,-15.010617689254,-6.43492027777779,-78.6094069411839,35.7706138324007,-78.6094069411839,35.7706138324007,-27.3645190287106,15.3111064595439,-55.8523850651968,11.370430670994
2022-05-22 21:30,-82.0114749905581,-15.2380081743347,-5.49477136752135,-75.5110232540941,31.2703257209766,-75.5110232540941,31.2703257209766,-5.39965204716178,14.4170844133812,-65.1559962806056,1.62656342325147
2022-05-22 22:00,-81.4183578333074,-15.3983470587966,-5.05518965811969,-81.0587696605823,29.712478018695,-81.0587696605823,29.712478018695,NaN,NaN,-77.8115076515891,-7.14916675152788
2022-05-22 22:30,-84.0984771403157,-15.5132356134312,-4.98615379629638,-84.0195068218902,34.1596830320771,-84.0195068218902,34.1596830320771,1.61650734649889,22.6992343452909,-89.7337958784769,-5.17302718705709
2022-05-22 23:00,-83.2520356337055,-15.9863258593894,-4.38343190883189,-69.431788242529,30.7371845148191,-69.431788242529,30.7371845148191,-9.87814691255419,13.5884034479108,-64.8200866513717,9.18128389055265
2022-05-22 23:30,-78.0048801456935,-16.6154461341921,-4.32456221984803,-52.0113990356135,8.72946432378408,-52.0113990356135,8.72946432378408,NaN,NaN,-27.9236812406722,10.8444195699679
2022-05-23 00:00,-75.1705610991466,-18.3067471815094,-5.08134181623929,-51.2128013162568,16.079390341145,-51.2128013162568,16.079390341145,NaN,NaN,-12.4654980435751,2.80127781279903
2022-05-23 00:30,-65.1329233267046,-19.9117882918115,-5.51844648860404,-7.94513610004221,-5.44605183305574,-7.94513610004221,-5.44605183305574,NaN,NaN,0.0467009258819906,29.730761212069
2022-05-23 01:00,-63.7822471091633,-22.1490365061496,-6.65955045109211,-23.0756230318957,5.27675817578046,-23.0756230318957,5.27675817578046,NaN,NaN,-11.1613784546939,-6.53804854415242
2022-05-23 01:30,-64.2620526116948,-23.2886011933525,-5.77522653846151,-25.3641430914347,7.86885238486625,-25.3641430914347,7.86885238486625,NaN,NaN,-29.4043059677161,13.3615670851603
2022-05-23 02:00,-67.3648189032249,-22.5447079916884,-4.57659461538463,-32.3782047381272,7.6100972585679,-32.3782047381272,7.6100972585679,NaN,NaN,-25.2678117221378,9.09950536822178
2022-05-23 02:30,-60.0974003819991,-22.4530030726764,-3.97351149335231,-17.0706188670274,3.71482281521782,-17.0706188670274,3.71482281521782,NaN,NaN,-14.9617252663521,3.78119969466236
2022-05-23 03:00,-60.9419335586907,-23.3087758360712,-4.4006048076923,-27.250914333931,5.86767747428055,-27.250914333931,5.86767747428055,NaN,NaN,-16.5694351685949,1.94316572256975
2022-05-23 03:30,-58.9240737363822,-23.2977006169415,-4.02030562678062,-25.0528013944411,7.69133856766191,-25.0528013944411,7.69133856766191,NaN,NaN,-25.4142737389125,-7.63305073973179
2022-05-23 04:00,-73.0178014183825,-21.5104339035556,-3.09378042022794,-65.2850959011871,22.3506927124996,-65.2850959011871,22.3506927124996,NaN,NaN,-59.4159808673138,19.987084342052
2022-05-23 04:30,-70.2501029417003,-19.3846994398569,-1.24718062440648,-58.7722565179618,24.4009169632007,-58.7722565179618,24.4009169632007,NaN,NaN,-42.4333300062638,9.41207830463926
2022-05-23 05:00,-34.1268429124055,-18.4874030544201,-0.976054401709381,-38.6813161479073,21.2107758657227,-38.6813161479073,21.2107758657227,NaN,NaN,-41.7098751142532,11.8703170918588
2022-05-23 05:30,23.1432625132344,-16.5475354537601,-0.488491645299164,-18.5796566936437,28.5248335917834,-18.5796566936437,28.5248335917834,NaN,NaN,-9.65106630142565,-14.2562092976717
2022-05-23 06:00,90.278584018503,-12.7376588353046,1.03126014007602,-41.7777520924389,99.381384658165,-41.7777520924389,99.381384658165,NaN,NaN,-34.7721078473475,-19.2625436655676
2022-05-23 06:30,164.844143809597,-8.48455046917886,3.14805726970557,-27.2731116611007,149.553916540603,-27.2731116611007,149.553916540603,-10.9916740951281,23.6122203702303,-20.1104805413405,-14.1770174747388
2022-05-23 07:00,241.028529830116,-4.14764725472767,4.9391933024691,2.81423023022301,169.05019433653,2.81423023022301,169.05019433653,-2.64024567645855,24.9429373863991,-0.430908411741113,-15.0098916543406
2022-05-23 07:30,316.354306422037,2.12721760159633,7.40270634377973,31.4552582226023,215.592629364569,31.4552582226023,215.592629364569,-19.0592072746812,14.0881166439502,-3.76997601784072,NaN
2022-05-23 08:00,394.207886842696,7.84985674055767,9.79769957264954,2.43490193755536,288.195071080209,2.43490193755536,288.195071080209,-14.3414023609911,18.3820502963137,-5.4641052043055,-30.6821075648309
2022-05-23 08:30,464.74145290496,13.3003043606738,12.2587355769231,12.0281374246663,331.617260771802,12.0281374246663,331.617260771802,-9.58276163962275,15.8537031022654,5.78869389741394,-39.8364665908266
2022-05-23 09:00,527.514903754111,20.3595612616979,14.5474572697056,7.69435760296125,378.138023887441,7.69435760296125,378.138023887441,-1.08628686748002,22.2780384140401,-0.811900119303117,-56.904368902892
2022-05-23 09:30,577.877578505586,34.4945130669509,20.4377512749288,19.8277658400407,383.44617202426,19.8277658400407,383.44617202426,-16.1232352382555,9.05299385596415,12.0693252647688,-68.6408984159927
2022-05-23 10:00,615.740380597427,46.2635095266878,20.9900266239316,35.2455521989031,395.804531807042,29.2406757153634,404.021228221037,-24.1141119403061,9.03971706788095,26.7195817606316,-46.5855546559672
2022-05-23 10:30,644.769544740173,58.5921364964174,15.483810505698,44.261356553948,439.082656856993,36.7204340114254,448.197784659024,-1.59538502072405,15.0705845455926,31.7264749124526,-60.1749152214899
2022-05-23 11:00,664.708852494744,73.0301022406368,18.4731887132003,46.0198883349614,485.641613102173,38.1793601548885,495.723280643081,-13.5253027861497,19.7100799936867,37.4153110469732,-58.5707169723117
2022-05-23 11:30,677.971115553551,87.1713879921553,14.6151860398861,43.5001434639519,507.023739319324,36.0889107772524,517.549288690008,9.62571314165551,24.4435049622217,34.436240777704,-64.5301190942756
2022-05-23 12:00,671.232027063784,101.49294424955,15.8071724715099,45.0540943685125,513.771345745577,37.3781110207732,524.436971919506,35.3418223163045,34.4372730302514,28.9994759972351,-72.3862361565021
2022-05-23 12:30,646.198788316712,107.017867045395,15.1001800949668,42.1128580651489,457.754825754601,34.9379808033898,467.257578080591,43.3268227902281,53.0701268876412,27.6381716055716,-69.7283461278154
2022-05-23 13:00,623.542776975608,105.772506288768,14.5164488247864,36.5565679375657,515.152508409211,30.328330289638,525.846806802364,53.3186222344884,40.2151434490227,20.2846660910282,-63.6083235614568
2022-05-23 13:30,593.752240669924,101.950581128138,2.7278389577398,8.74268477471467,446.680418843638,7.25317080964994,455.953272236594,22.1988345978487,23.6920133585404,-2.61533021661643,-64.3004576952394
2022-05-23 14:00,565.181978787337,91.4277880598443,-2.9505196889839,0.131126740959083,474.647823482162,0.10878633673716,484.501265663106,48.5279729093983,52.5382223999729,-19.7512980930239,-55.3529537357672
2022-05-23 14:30,518.291756022011,74.120353687415,-0.167010548433015,-12.8699708775398,403.198991015387,-10.6772804344948,411.569192560269,53.6052665439312,37.7637095577508,-38.9411204198639,-51.8776638434912
2022-05-23 15:00,450.577828134316,55.2396367703331,-2.50283600427354,-35.019169921414,401.615058910866,-29.0528627758355,409.952378848294,52.8803557599403,41.5235097729796,-69.7962415098164,-61.889420344686
2022-05-23 15:30,375.855373296622,35.9104884125747,-13.1259843779677,-49.1030621600253,343.970831413496,-40.7372456288916,351.111487140935,53.6854439688707,52.7875471082378,-89.3349154946594,-50.7455699749035
2022-05-23 16:00,305.431137637396,25.4932141050444,-8.10524372744536,-60.5035312602953,329.404059839956,-50.1953871294918,336.242316958653,40.5369950194317,61.3816366986654,-103.256583011454,-52.1698839822947
2022-05-23 16:30,221.714078160169,19.9268545500738,-5.66256753561259,-79.3505342108035,298.124970508294,-65.8313771225628,304.313889985578,28.7115721216809,41.6816207412392,-127.370775313465,-57.2413644985144
2022-05-23 17:00,142.492126657481,12.8387086121877,-10.9161951495726,-90.7406113812429,222.456527195794,-75.2808971934711,227.074609108435,39.732928808833,41.3885836802185,-131.782771095203,-53.7105682215689
2022-05-23 17:30,69.9737649277556,6.45078010448425,-10.4077839981006,-92.1387467822286,156.049360161295,-76.4408286263985,159.288863792518,20.1225650209579,29.6085640364432,-133.410369213169,-35.7163511609778
2022-05-23 18:00,3.52068347457472,1.83702403140806,-9.63273625356122,-88.2098902960987,104.73678829175,-73.181341647877,106.911069593788,3.08527772702179,31.5393681287985,-117.864186534926,16.4220473220983
2022-05-23 18:30,-54.990801225053,-2.11656623321608,-9.39374836182342,-86.0713621656914,68.1124432528154,-71.4071601223179,69.5264221824369,7.70394122973087,26.6848265013264,-95.8413700714353,28.8699537415377
2022-05-23 19:00,-82.8745337739615,-6.12711790403266,-9.3210485493827,-71.8026919786453,37.1753985633115,-71.8026919786453,37.1753985633115,-7.58318897500771,12.0122847212128,-82.1915098994139,28.3454760489102
2022-05-23 19:30,-84.678247183694,-9.30019543254538,-9.20212225783473,-75.0612039885945,19.6849231745145,-75.0612039885945,19.6849231745145,-11.0267007505935,28.1799339844614,-79.4748647225044,23.0889814410663
2022-05-23 20:00,-88.1251896902216,-10.5168775143777,-8.08489983618237,-93.418597766577,20.0243173370788,-93.418597766577,20.0243173370788,-14.2651574430279,14.7969946984893,-81.5453417724631,-10.0751062009034
2022-05-23 20:30,-83.8542526486942,-11.49319683445,-6.81991550807213,-64.3736277841858,10.7811636885785,-64.3736277841858,10.7811636885785,-19.1963148560955,12.8030049935752,-51.2881492269489,6.74330136056949
2022-05-23 21:00,-74.9213478367928,-13.2569671182543,-6.80711748338089,-35.7448612359781,6.84405091160358,-35.7448612359781,6.84405091160358,-21.6373737423646,9.85113073871636,-30.0551071503914,21.6355047929633
2022-05-23 21:30,-74.6339658120113,-15.2214693189265,-6.69102946343779,-49.2177919251963,4.06750119662777,-49.2177919251963,4.06750119662777,NaN,NaN,-35.5330654165303,2.70888302628749
2022-05-23 22:00,-75.5480691399098,-15.709981221685,-6.13102491927828,-50.8699097153056,3.28217049236975,-50.8699097153056,3.28217049236975,NaN,NaN,-37.2544486293961,8.85147058226968
2022-05-23 22:30,-72.8125245115061,-16.0978046190063,-5.46896889838549,-40.2806146785394,2.20413990702692,-40.2806146785394,2.20413990702692,-18.5386760194182,9.65078339211751,-30.9719604711523,16.3592689093103
2022-05-23 23:00,-75.8434901676642,-15.9720129187408,-5.07654255698009,-52.9561214899484,7.72049725801234,-52.9561214899484,7.72049725801234,-24.6086480128492,13.3375426642044,-35.2726599101257,22.8314471404287
2022-05-23 23:30,-72.1631771013033,-15.8627949196145,-3.93022649572647,-39.149559991661,1.80069051850448,-39.149559991661,1.80069051850448,-25.6076880321754,10.6665759578711,-29.869214397272,9.5017048800246
